<?xml version="1.0" encoding="utf-8"?>
<modification>
    <name>Remove PoweredBy For 2.0</name>
    <code>Remove PoweredBy For 2.0</code>
    <version>1.0</version>
    <author>GreatValue</author>
    <link>http://www.greatvalue.org.uk/opencart</link>
    <file path="catalog/language/english/common/footer.php">
        <operation>
            <search><![CDATA[$_['text_powered']      = 'Powered By <a href="http://www.opencart.com">OpenCart</a><br /> %s &copy; %s';]]></search>
            <add position="replace"><![CDATA[$_['text_powered']      = '%s &copy; %s';]]></add>
        </operation>
    </file>  
</modification>